1;заголовок;текст заметки;2023-02-14 12:45:55.338715
2;заголовок;текст заметки;2023-02-14 13:26:51.587388
3;заголовок;текст заметки;2023-02-14 13:29:34.103196
4;заголовок;текст заметки;2023-02-14 13:29:54.481649
5;заголовок;текст заметки;2023-02-14 17:58:26.829162
6;заголовок;текст заметки;2023-02-14 18:03:17.893810
7;заголовок;текст заметки;2023-02-14 18:03:43.373268
8;заголовок;текст заметки;2023-02-14 19:12:14.406405 
9;заголовок;текст заметки;2023-02-14 19:12:50.667479
10;заголовок;текст заметки;2023-02-14 19:28:56.090698
11;заголовок;текст заметки;2023-02-14 19:31:19.386895
12;заголовок;текст заметки;2023-02-14 19:47:03.717907
